<?xml version="1.0" encoding="UTF-8"?>

<!-- * PopulateDatabase.xml * * Copyright (C) 2019 Universidad de Sevilla 
	* * The use of this project is hereby constrained to the conditions of the 
	* TDG Licence, a copy of which you may download from * http://www.tdg-seville.info/License.html -->

<beans xmlns="http://www.springframework.org/schema/beans"
	xmlns:xsi="http://www.w3.org/2001/XMLSchema-instance"
	xsi:schemaLocation="
		http://www.springframework.org/schema/beans http://www.springframework.org/schema/beans/spring-beans.xsd
	">

	<!-- User accounts -->

	<bean id="userAccount1" class="security.UserAccount">
		<property name="username" value="brotherhood1" />
		<property name="password" value="479e3180a45b21ea8e88beb0c45aa8ed" />
		<property name="authorities">
			<list>
				<bean class="security.Authority">
					<property name="authority" value="BROTHERHOOD" />
				</bean>
			</list>
		</property>
		<property name="accountNonLocked" value="True" />
	</bean>

	<bean id="userAccount2" class="security.UserAccount">
		<property name="username" value="brotherhood2" />
		<property name="password" value="88f1b810c40cd63107fb758fef4d77db" />
		<property name="authorities">
			<list>
				<bean class="security.Authority">
					<property name="authority" value="BROTHERHOOD" />
				</bean>
			</list>
		</property>
		<property name="accountNonLocked" value="true" />
	</bean>

	<bean id="userAccount3" class="security.UserAccount">
		<property name="username" value="brotherhood3" />
		<property name="password" value="cb8f36c7d5bbbc6aa5798a0e5796ebd5" />
		<property name="authorities">
			<list>
				<bean class="security.Authority">
					<property name="authority" value="BROTHERHOOD" />
				</bean>
			</list>
		</property>
		<property name="accountNonLocked" value="true" />
	</bean>

	<bean id="userAccount4" class="security.UserAccount">
		<property name="username" value="member1" />
		<property name="password" value="c7764cfed23c5ca3bb393308a0da2306" />
		<property name="authorities">
			<list>
				<bean class="security.Authority">
					<property name="authority" value="MEMBER" />
				</bean>
			</list>
		</property>
		<property name="accountNonLocked" value="true" />
	</bean>

	<bean id="userAccount5" class="security.UserAccount">
		<property name="username" value="member2" />
		<property name="password" value="88ed421f060aadcacbd63f28d889797f" />
		<property name="authorities">
			<list>
				<bean class="security.Authority">
					<property name="authority" value="MEMBER" />
				</bean>
			</list>
		</property>
		<property name="accountNonLocked" value="true" />
	</bean>

	<bean id="userAccount6" class="security.UserAccount">
		<property name="username" value="member3" />
		<property name="password" value="3ef4802d8a37022fd187fbd829d1c4d6" />
		<property name="authorities">
			<list>
				<bean class="security.Authority">
					<property name="authority" value="MEMBER" />
				</bean>
			</list>
		</property>
		<property name="accountNonLocked" value="true" />
	</bean>

	<bean id="userAccount7" class="security.UserAccount">
		<property name="username" value="admin" />
		<property name="password" value="21232f297a57a5a743894a0e4a801fc3" />
		<property name="authorities">
			<list>
				<bean class="security.Authority">
					<property name="authority" value="ADMIN" />
				</bean>
			</list>
		</property>
		<property name="accountNonLocked" value="true" />
	</bean>


	<!-- Other domain beans come here -->

	<!-- Positions -->


	<bean id="position1" class="domain.Position">

		<property name="title" value="President" />

		<property name="spanishTitle" value="Presidente" />

	</bean>

	<bean id="position2" class="domain.Position">

		<property name="title" value="Vice President" />

		<property name="spanishTitle" value="Vicepresidente" />

	</bean>

	<bean id="position3" class="domain.Position">

		<property name="title" value="Secretary" />

		<property name="spanishTitle" value="Secretario" />

	</bean>

	<bean id="position4" class="domain.Position">

		<property name="title" value="Treasurer" />

		<property name="spanishTitle" value="Tesorero" />

	</bean>

	<bean id="position5" class="domain.Position">

		<property name="title" value="Historian" />

		<property name="spanishTitle" value="Historiador" />

	</bean>

	<bean id="position6" class="domain.Position">

		<property name="title" value="Fundraiser" />

		<property name="spanishTitle" value="Promotor" />

	</bean>

	<bean id="position7" class="domain.Position">

		<property name="title" value="Officer" />

		<property name="spanishTitle" value="Vocal" />

	</bean>

	<!-- Administrator -->

	<bean id="administrator1" class="domain.Administrator">
		<property name="name" value="Administrator Name 1" />
		<property name="middleName" value="Administrator Middle Name 1" />
		<property name="surname" value="Administrator Surname 1" />
		<property name="photo" value="https://photoadministrator1.jpg" />
		<property name="email" value="administrator@email.com" />
		<property name="address" value="Administrator Address 1" />
		<property name="phone" value="+34 (111) 666666666" />
		<property name="userAccount" ref="userAccount7" />
		<property name="socialProfiles">

			<list>
				<ref bean="socialProfile7" />
			</list>
		</property>

		<property name="spammer" value="false" />
		<property name="score" value="0.0" />
		<property name="boxes">

			<list>
				<ref bean="inbox7" />
				<ref bean="outbox7" />
				<ref bean="trashbox7" />
				<ref bean="spambox7" />
				<ref bean="custombox7" />
				<ref bean="notificationbox7" />
			</list>
		</property>

	</bean>

	<!-- Members -->

	<bean id="member1" class="domain.Member">

		<property name="name" value="Antonio" />

		<property name="middleName" value="Panochete" />

		<property name="surname" value="Diaz" />

		<property name="photo" value="https://tumblr.wdf43" />

		<property name="email" value="antonio@acme.com" />

		<property name="address" value="Avenida Ramon Resa" />

		<property name="phone" value="+34 344654843" />

		<property name="userAccount" ref="userAccount4" />

		<property name="enrolments">

			<list>
				<ref bean="enrolment1" />
			</list>

		</property>

		<property name="requests">

			<list>
				<ref bean="request1" />
				<ref bean="request3" />
			</list>

		</property>

		<property name="socialProfiles">

			<list>
				<ref bean="socialProfile1" />
			</list>
		</property>

		<property name="spammer" value="true" />
		<property name="score" value="0.0" />
		<property name="boxes">

			<list>
				<ref bean="inbox1" />
				<ref bean="outbox1" />
				<ref bean="trashbox1" />
				<ref bean="spambox1" />
				<ref bean="custombox1" />
				<ref bean="notificationbox1" />
			</list>
		</property>


	</bean>

	<bean id="member2" class="domain.Member">

		<property name="name" value="Marina" />

		<property name="middleName" value="Pez" />

		<property name="surname" value="Garcia" />

		<property name="photo" value="https://www.estoesunafoto.com" />

		<property name="email" value="marina@acme.com" />

		<property name="address" value="Avenida Sanchez Pelayo" />

		<property name="phone" value="344654953" />

		<property name="userAccount" ref="userAccount5" />

		<property name="enrolments">

			<list>

				<ref bean="enrolment2" />

			</list>

		</property>

		<property name="requests">

			<list>
				<ref bean="request2" />
			</list>

		</property>

		<property name="socialProfiles">

			<list>
				<ref bean="socialProfile2" />
			</list>
		</property>

		<property name="spammer" value="false" />
		<property name="score" value="-0.5" />
		<property name="boxes">

			<list>
				<ref bean="inbox2" />
				<ref bean="outbox2" />
				<ref bean="trashbox2" />
				<ref bean="spambox2" />
				<ref bean="custombox2" />
				<ref bean="notificationbox2" />
			</list>
		</property>


	</bean>

	<bean id="member3" class="domain.Member">

		<property name="name" value="Pablo" />

		<property name="middleName" value="Ramon" />

		<property name="surname" value="Mesa" />

		<property name="photo" value="https://www.estoesunafotoderamon.com" />

		<property name="email" value="pablo@acme.com" />

		<property name="address" value="Avenida De la Torre" />

		<property name="phone" value="344924843" />

		<property name="userAccount" ref="userAccount6" />

		<property name="enrolments">

			<list>

				<ref bean="enrolment3" />
			</list>

		</property>

		<property name="requests">

			<list>
				<ref bean="request4" />
			</list>

		</property>
		<property name="socialProfiles">

			<list>
				<ref bean="socialProfile3" />
			</list>
		</property>

		<property name="spammer" value="false" />
		<property name="score" value="0.0" />
		<property name="boxes">

			<list>
				<ref bean="inbox3" />
				<ref bean="outbox3" />
				<ref bean="trashbox3" />
				<ref bean="spambox3" />
				<ref bean="custombox3" />
				<ref bean="notificationbox3" />
			</list>
		</property>


	</bean>

	<!-- Enrolments -->


	<bean id="enrolment1" class="domain.Enrolment">

		<property name="moment" value="2017/07/10 01:41" />

		<property name="position" ref="position1" />

		<property name="member" ref="member1" />

		<property name="brotherhood" ref="brotherhood1" />

	</bean>

	<bean id="enrolment2" class="domain.Enrolment">

		<property name="moment" value="2018/07/10 01:41" />

		<property name="position" ref="position3" />

		<property name="member" ref="member2" />

		<property name="brotherhood" ref="brotherhood1" />

	</bean>

	<bean id="enrolment3" class="domain.Enrolment">

		<property name="moment" value="2018/09/10 01:41" />

		<property name="position" ref="position3" />

		<property name="member" ref="member3" />

		<property name="brotherhood" ref="brotherhood2" />

	</bean>

	<!-- Request -->

	<bean id="request1" class="domain.Request">

		<property name="status" value="PENDING" />

		<property name="row" value="0" />

		<property name="column" value="0" />

		<property name="member" ref="member1" />

		<property name="parade" ref="parade1" />

	</bean>

	<bean id="request2" class="domain.Request">

		<property name="status" value="PENDING" />

		<property name="column" value="0" />

		<property name="row" value="0" />

		<property name="member" ref="member2" />

		<property name="parade" ref="parade1" />

	</bean>

	<bean id="request3" class="domain.Request">

		<property name="status" value="PENDING" />

		<property name="column" value="0" />

		<property name="row" value="0" />

		<property name="member" ref="member1" />

		<property name="parade" ref="parade2" />

	</bean>

	<bean id="request4" class="domain.Request">

		<property name="status" value="PENDING" />

		<property name="column" value="0" />

		<property name="row" value="0" />

		<property name="rejectionReason" value="No me gustas" />

		<property name="member" ref="member3" />

		<property name="parade" ref="parade3" />

	</bean>


	<!-- Brotherhoods -->

	<bean id="brotherhood1" class="domain.Brotherhood">
		<property name="name" value="Brotherhood Name 1" />
		<property name="middleName" value="Brotherhood Middle Name 1" />
		<property name="surname" value="Brotherhood Surname 1" />
		<property name="photo" value="https://photobrotherhood1.jpg" />
		<property name="email" value="brotherhood1@email.com" />
		<property name="address" value="Brotherhood Address 1" />
		<property name="phone" value="616616616" />
		<property name="userAccount" ref="userAccount1" />
		<property name="title" value="Brotherhood Title 1" />
		<property name="establishment" value="2019/01/01" />
		<property name="history" ref="history1" />
		<property name="pictures">
			<list>
				<value>https://picture1.jpg</value>
				<value>https://picture2.jpg</value>
				<value>https://picture3.jpg</value>
			</list>
		</property>
		<property name="parades">
			<list>
				<ref bean="parade1" />
				<ref bean="parade2" />
			</list>
		</property>
		<property name="floats">
			<list>
				<ref bean="float1" />
				<ref bean="float2" />
				<ref bean="float3" />
			</list>
		</property>
		<property name="enrolments">
			<list>
				<ref bean="enrolment1" />
				<ref bean="enrolment2" />
			</list>
		</property>
		<property name="socialProfiles">

			<list>
				<ref bean="socialProfile4" />
			</list>
		</property>

		<property name="spammer" value="false" />
		<property name="score" value="0.0" />
		<property name="boxes">

			<list>
				<ref bean="inbox4" />
				<ref bean="outbox4" />
				<ref bean="trashbox4" />
				<ref bean="spambox4" />
				<ref bean="custombox4" />
				<ref bean="notificationbox4" />
			</list>
		</property>
		<property name="area" ref="area1" />

	</bean>

	<bean id="brotherhood2" class="domain.Brotherhood">
		<property name="name" value="Brotherhood Name 2" />
		<property name="middleName" value="Brotherhood Middle Name 2" />
		<property name="surname" value="Brotherhood Surname 2" />
		<property name="photo" value="https://photobrotherhood2.jpg" />
		<property name="email" value="brotherhood2@email.com" />
		<property name="address" value="Brotherhood Address 2" />
		<property name="phone" value="626626626" />
		<property name="userAccount" ref="userAccount2" />
		<property name="title" value="Brotherhood Title 2" />
		<property name="establishment" value="2018/12/01" />
		<property name="pictures">
			<list>
				<value>https://picture1.jpg</value>
				<value>https://picture2.jpg</value>
				<value>https://picture3.jpg</value>
			</list>
		</property>
		<property name="parades">
			<list>
				<ref bean="parade3" />
				<ref bean="parade4" />
			</list>
		</property>
		<property name="floats">
			<list>
				<ref bean="float4" />
			</list>
		</property>
		<property name="enrolments">
			<list>
				<ref bean="enrolment3" />
			</list>
		</property>
		<property name="socialProfiles">

			<list>
				<ref bean="socialProfile5" />
			</list>
		</property>

		<property name="spammer" value="false" />
		<property name="score" value="0.0" />
		<property name="boxes">

			<list>
				<ref bean="inbox5" />
				<ref bean="outbox5" />
				<ref bean="trashbox5" />
				<ref bean="spambox5" />
				<ref bean="custombox5" />
				<ref bean="notificationbox5" />
			</list>
		</property>
		<property name="area" ref="area2" />

	</bean>

	<bean id="brotherhood3" class="domain.Brotherhood">
		<property name="name" value="Brotherhood Name 3" />
		<property name="middleName" value="Brotherhood Middle Name 3" />
		<property name="surname" value="Brotherhood Surname 3" />
		<property name="photo" value="https://photobrotherhood3.jpg" />
		<property name="email" value="brotherhood3@email.com" />
		<property name="address" value="Brotherhood Address 3" />
		<property name="phone" value="636636636" />
		<property name="userAccount" ref="userAccount3" />
		<property name="title" value="Brotherhood Title 3" />
		<property name="history" ref="history3" />
		<property name="establishment" value="2018/11/01" />
		<property name="pictures">
			<list>
				<value>https://picture1.jpg</value>
				<value>https://picture2.jpg</value>
				<value>https://picture3.jpg</value>
			</list>
		</property>
		<property name="parades">
			<list>
				<ref bean="parade5" />
			</list>
		</property>
		<property name="floats">
			<list>
			</list>
		</property>
		<property name="enrolments">
			<list>
			</list>
		</property>
		<property name="socialProfiles">

			<list>
				<ref bean="socialProfile6" />
			</list>
		</property>

		<property name="spammer" value="false" />
		<property name="score" value="0.0" />
		<property name="boxes">

			<list>
				<ref bean="inbox6" />
				<ref bean="outbox6" />
				<ref bean="trashbox6" />
				<ref bean="spambox6" />
				<ref bean="custombox6" />
				<ref bean="notificationbox6" />
			</list>
		</property>
		<property name="area" ref="area2" />

	</bean>

	<!-- Parades -->

	<bean id="parade1" class="domain.Parade">
		<property name="ticker" value="190202-CCCCC" />
		<property name="title" value="Parade Title 1" />
		<property name="description" value="Parade Description 1" />
		<property name="moment" value="2019/06/06 12:12" />
		<property name="draftMode" value="true" />
		<property name="floats">
			<list>
				<ref bean="float1" />
				<ref bean="float2" />
			</list>
		</property>
		<property name="requests">
			<list>
				<ref bean="request1" />
				<ref bean="request2" />
			</list>
		</property>
		<property name="status" value="submitted" />
		<property name="segments">
			<list>
				<ref bean="segment1" />
				<ref bean="segment2" />
			</list>
		</property>
	</bean>

	<bean id="parade2" class="domain.Parade">
		<property name="ticker" value="190202-CCCAA" />
		<property name="title" value="Parade Title 2" />
		<property name="description" value="Parade Description 2" />
		<property name="moment" value="2019/06/06 12:12" />
		<property name="draftMode" value="false" />
		<property name="floats">
			<list>
				<ref bean="float3" />
			</list>
		</property>
		<property name="requests">
			<list>
				<ref bean="request3" />
			</list>
		</property>
		<property name="status" value="submitted" />
		<property name="segments">
			<list>
				<ref bean="segment3" />
			</list>
		</property>
	</bean>

	<bean id="parade3" class="domain.Parade">
		<property name="ticker" value="190202-CCCBB" />
		<property name="title" value="Parade Title 3" />
		<property name="description" value="Parade Description 3" />
		<property name="moment" value="2019/02/02 12:12" />
		<property name="draftMode" value="false" />
		<property name="floats">
			<list>
				<ref bean="float4" />
			</list>
		</property>
		<property name="requests">
			<list>
				<ref bean="request4" />
			</list>
		</property>
		<property name="status" value="submitted" />
		<property name="segments">
			<list>
			</list>
		</property>
	</bean>

	<bean id="parade4" class="domain.Parade">
		<property name="ticker" value="190202-CCCDD" />
		<property name="title" value="Parade Title 4" />
		<property name="description" value="Parade Description 4" />
		<property name="moment" value="2019/02/02 12:12" />
		<property name="draftMode" value="true" />
		<property name="floats">
			<list>
				<ref bean="float5" />
			</list>
		</property>
		<property name="requests">
			<list>
			</list>
		</property>
		<property name="status" value="submitted" />
		<property name="segments">
			<list>
			</list>
		</property>
	</bean>

	<bean id="parade5" class="domain.Parade">
		<property name="ticker" value="190202-CCCHG" />
		<property name="title" value="Parade Title 5" />
		<property name="description" value="Parade Description 5" />
		<property name="moment" value="2019/02/02 12:12" />
		<property name="draftMode" value="true" />
		<property name="floats">
			<list>
				<ref bean="float6" />
			</list>
		</property>
		<property name="requests">
			<list>
			</list>
		</property>
		<property name="status" value="submitted" />
		<property name="segments">
			<list>
			</list>
		</property>
	</bean>

	<bean id="defaultArea" class="domain.Area">
		<property name="name" value="defaultArea" />
		<property name="pictures">
			<list>
				<value></value>
			</list>
		</property>
	</bean>


	<bean id="area1" class="domain.Area">
		<property name="name" value="La Macarena" />
		<property name="pictures">
			<list>
				<value>https://picture1.jpg</value>
				<value>https://picture2.jpg</value>
				<value>https://picture3.jpg</value>
			</list>
		</property>
	</bean>

	<bean id="area2" class="domain.Area">
		<property name="name" value="Catedral" />
		<property name="pictures">
			<list>
				<value>https://picture1.jpg</value>
				<value>https://picture2.jpg</value>
				<value>https://picture3.jpg</value>
			</list>
		</property>
	</bean>

	<!-- Floats -->

	<bean id="float1" class="domain.Float">
		<property name="title" value="Float Title 1" />
		<property name="description" value="Float Description 1" />
		<property name="pictures">
			<list>
				<value>https://picture1.jpg</value>
				<value>https://picture2.jpg</value>
			</list>
		</property>
	</bean>

	<bean id="float2" class="domain.Float">
		<property name="title" value="Float Title 2" />
		<property name="description" value="Float Description 2" />
		<property name="pictures">
			<list>
				<value>https://picture1.jpg</value>
				<value>https://picture2.jpg</value>
			</list>
		</property>
	</bean>

	<bean id="float3" class="domain.Float">
		<property name="title" value="Float Title 3" />
		<property name="description" value="Float Description 3" />
		<property name="pictures">
			<list>
				<value>https://picture1.jpg</value>
				<value>https://picture2.jpg</value>
			</list>
		</property>
	</bean>

	<bean id="float4" class="domain.Float">
		<property name="title" value="Float Title 4" />
		<property name="description" value="Float Description 4" />
		<property name="pictures">
			<list>
				<value>https://picture1.jpg</value>
				<value>https://picture2.jpg</value>
			</list>
		</property>
	</bean>

	<bean id="float5" class="domain.Float">
		<property name="title" value="Float Title 5" />
		<property name="description" value="Float Description 5" />
		<property name="pictures">
			<list>
				<value>https://picture1.jpg</value>
				<value>https://picture2.jpg</value>
			</list>
		</property>
	</bean>

	<bean id="float6" class="domain.Float">
		<property name="title" value="Float Title 6" />
		<property name="description" value="Float Description 6" />
		<property name="pictures">
			<list>
				<value>https://picture1.jpg</value>
				<value>https://picture2.jpg</value>
			</list>
		</property>
	</bean>

	<!-- SystemConfig -->

	<bean id="systemConfig" class="domain.SystemConfig">
		<property name="name" value="Acme Parade" />
		<property name="banner" value="https://i.imgur.com/vZI1Sft.png" />
		<property name="welcomeMessageEng"
			value="Welcome to Acme Parade, the site to organise your parades." />
		<property name="welcomeMessageEsp"
			value="¡Bienvenidos a Acme Parade!  Tu sitio para organizar procesiones." />
		<property name="phonePrefix" value="+34" />
		<property name="finderMaxResults" value="10" />
		<property name="finderCacheHours" value="1" />
		<property name="spamWords">
			<list>
				<value>sex</value>
				<value>viagra</value>
				<value>cialis</value>
				<value>one million</value>
				<value>you've been selected</value>
				<value>Nigeria</value>
				<value>sexo</value>
				<value>un millon</value>
				<value>has sido seleccionado</value>
			</list>
		</property>
		<property name="positiveWords">
			<list>
				<value>good</value>
				<value>fantastic</value>
				<value>excellent</value>
				<value>great</value>
				<value>amazing</value>
				<value>terrific</value>
				<value>beautiful</value>
				<value>bueno</value>
				<value>fantastico</value>
				<value>excelente</value>
				<value>bien</value>
				<value>impresionante</value>
				<value>estupendo</value>
				<value>precioso</value>
			</list>
		</property>
		<property name="negativeWords">
			<list>
				<value>not</value>
				<value>bad</value>
				<value>horrible</value>
				<value>average</value>
				<value>disaster</value>
				<value>no</value>
				<value>malo</value>
				<value>horrible</value>
				<value>mediocre</value>
				<value>desastroso</value>
			</list>
		</property>
		<property name="creditCardMakes">
			<list>
				<value>VISA</value>
				<value>MCARD</value>
				<value>DINNERS</value>
				<value>AMEX</value>
				<value>FLY</value>
			</list>
		</property>
		<property name="VAT" value="21" />
		<property name="fareCharge" value="12.23" />
	</bean>

	<!-- In box 1 -->
	<bean id="inbox1" class="domain.Box">
		<property name="title" value="in box" />
		<property name="custom" value="False" />
	</bean>

	<!-- out box 1 -->
	<bean id="outbox1" class="domain.Box">
		<property name="title" value="out box" />
		<property name="custom" value="False" />
	</bean>

	<!-- Trash box 1 -->
	<bean id="trashbox1" class="domain.Box">
		<property name="title" value="trash box" />
		<property name="custom" value="False" />
	</bean>

	<!-- Spam box 1 -->
	<bean id="spambox1" class="domain.Box">
		<property name="title" value="spam box" />
		<property name="custom" value="False" />
	</bean>

	<!-- Custom box 1 -->
	<bean id="custombox1" class="domain.Box">
		<property name="title" value="Custom box" />
		<property name="custom" value="True" />
	</bean>

	<!-- Notification box 1 -->
	<bean id="notificationbox1" class="domain.Box">
		<property name="title" value="notification box" />
		<property name="custom" value="False" />
	</bean>

	<!-- In box 2 -->
	<bean id="inbox2" class="domain.Box">
		<property name="title" value="in box" />
		<property name="custom" value="False" />
	</bean>

	<!-- out box 2 -->
	<bean id="outbox2" class="domain.Box">
		<property name="title" value="out box" />
		<property name="custom" value="False" />
	</bean>

	<!-- Trash box 2 -->
	<bean id="trashbox2" class="domain.Box">
		<property name="title" value="trash box" />
		<property name="custom" value="False" />
	</bean>

	<!-- Spam box 2 -->
	<bean id="spambox2" class="domain.Box">
		<property name="title" value="spam box" />
		<property name="custom" value="False" />
	</bean>

	<!-- Custom box 2 -->
	<bean id="custombox2" class="domain.Box">
		<property name="title" value="Custom box" />
		<property name="custom" value="True" />
	</bean>
	<!-- Notification box 2 -->
	<bean id="notificationbox2" class="domain.Box">
		<property name="title" value="notification box" />
		<property name="custom" value="False" />
	</bean>

	<!-- In box 3 -->
	<bean id="inbox3" class="domain.Box">
		<property name="title" value="in box" />
		<property name="custom" value="False" />
	</bean>

	<!-- out box 3 -->
	<bean id="outbox3" class="domain.Box">
		<property name="title" value="out box" />
		<property name="custom" value="False" />
	</bean>

	<!-- Trash box 3 -->
	<bean id="trashbox3" class="domain.Box">
		<property name="title" value="trash box" />
		<property name="custom" value="False" />
	</bean>

	<!-- Spam box 3 -->
	<bean id="spambox3" class="domain.Box">
		<property name="title" value="spam box" />
		<property name="custom" value="False" />
	</bean>

	<!-- Notification box 3 -->
	<bean id="notificationbox3" class="domain.Box">
		<property name="title" value="notification box" />
		<property name="custom" value="False" />
	</bean>


	<!-- Custom box 3 -->
	<bean id="custombox3" class="domain.Box">
		<property name="title" value="Custom box" />
		<property name="custom" value="True" />
	</bean>
	<!-- In box 4 -->
	<bean id="inbox4" class="domain.Box">
		<property name="title" value="in box" />
		<property name="custom" value="False" />
	</bean>

	<!-- out box 4 -->
	<bean id="outbox4" class="domain.Box">
		<property name="title" value="out box" />
		<property name="custom" value="False" />
	</bean>

	<!-- Trash box 4 -->
	<bean id="trashbox4" class="domain.Box">
		<property name="title" value="trash box" />
		<property name="custom" value="False" />
	</bean>

	<!-- Spam box 4 -->
	<bean id="spambox4" class="domain.Box">
		<property name="title" value="spam box" />
		<property name="custom" value="False" />
	</bean>

	<!-- Custom box 4 -->
	<bean id="custombox4" class="domain.Box">
		<property name="title" value="Custom box" />
		<property name="custom" value="True" />
	</bean>

	<!-- Notification box 4 -->
	<bean id="notificationbox4" class="domain.Box">
		<property name="title" value="notification box" />
		<property name="custom" value="False" />
	</bean>

	<!-- In box 5 -->
	<bean id="inbox5" class="domain.Box">
		<property name="title" value="in box" />
		<property name="custom" value="False" />
	</bean>

	<!-- out box 5 -->
	<bean id="outbox5" class="domain.Box">
		<property name="title" value="out box" />
		<property name="custom" value="False" />
	</bean>

	<!-- Trash box 5 -->
	<bean id="trashbox5" class="domain.Box">
		<property name="title" value="trash box" />
		<property name="custom" value="False" />
	</bean>

	<!-- Spam box 5 -->
	<bean id="spambox5" class="domain.Box">
		<property name="title" value="spam box" />
		<property name="custom" value="False" />
	</bean>

	<!-- Custom box 5 -->
	<bean id="custombox5" class="domain.Box">
		<property name="title" value="Custom box" />
		<property name="custom" value="True" />
	</bean>
	<!-- Notification box 5 -->
	<bean id="notificationbox5" class="domain.Box">
		<property name="title" value="notification box" />
		<property name="custom" value="False" />
	</bean>

	<!-- In box 6 -->
	<bean id="inbox6" class="domain.Box">
		<property name="title" value="in box" />
		<property name="custom" value="False" />
	</bean>

	<!-- out box 6 -->
	<bean id="outbox6" class="domain.Box">
		<property name="title" value="out box" />
		<property name="custom" value="False" />
	</bean>

	<!-- Trash box 6 -->
	<bean id="trashbox6" class="domain.Box">
		<property name="title" value="trash box" />
		<property name="custom" value="False" />
	</bean>

	<!-- Spam box 6 -->
	<bean id="spambox6" class="domain.Box">
		<property name="title" value="spam box" />
		<property name="custom" value="False" />
	</bean>

	<!-- Custom box 6 -->
	<bean id="custombox6" class="domain.Box">
		<property name="title" value="Custom box" />
		<property name="custom" value="True" />
	</bean>
	<!-- Notification box 6 -->
	<bean id="notificationbox6" class="domain.Box">
		<property name="title" value="notification box" />
		<property name="custom" value="False" />
	</bean>

	<!-- In box 7 -->
	<bean id="inbox7" class="domain.Box">
		<property name="title" value="in box" />
		<property name="custom" value="False" />
	</bean>

	<!-- out box 7 -->
	<bean id="outbox7" class="domain.Box">
		<property name="title" value="out box" />
		<property name="custom" value="False" />
	</bean>

	<!-- Trash box 7 -->
	<bean id="trashbox7" class="domain.Box">
		<property name="title" value="trash box" />
		<property name="custom" value="False" />
	</bean>

	<!-- Spam box 7 -->
	<bean id="spambox7" class="domain.Box">
		<property name="title" value="spam box" />
		<property name="custom" value="False" />
	</bean>

	<!-- Custom box 7 -->
	<bean id="custombox7" class="domain.Box">
		<property name="title" value="Custom box" />
		<property name="custom" value="True" />
	</bean>

	<!-- Notification box 7 -->
	<bean id="notificationbox7" class="domain.Box">
		<property name="title" value="notification box" />
		<property name="custom" value="False" />
	</bean>



	<!-- Social Profile 1 -->
	<bean id="socialProfile1" class="domain.SocialProfile">
		<property name="nick" value="DemoUser" />
		<property name="socialNetwork" value="Twitter" />
		<property name="profileLink" value="http://twitter.com/users/demouser" />
	</bean>

	<!-- Social Profile 2 -->
	<bean id="socialProfile2" class="domain.SocialProfile">
		<property name="nick" value="DemoUser2" />
		<property name="socialNetwork" value="Instagram" />
		<property name="profileLink" value="http://instagram.com/users/demouser" />
	</bean>

	<!-- Social Profile 3 -->
	<bean id="socialProfile3" class="domain.SocialProfile">
		<property name="nick" value="DemoUser3" />
		<property name="socialNetwork" value="Facebook" />
		<property name="profileLink" value="http://facebook.com/users/demouser" />
	</bean>


	<!-- Social Profile 4 -->
	<bean id="socialProfile4" class="domain.SocialProfile">
		<property name="nick" value="DemoUser" />
		<property name="socialNetwork" value="Twitter" />
		<property name="profileLink" value="http://twitter.com/users/demouser" />
	</bean>

	<!-- Social Profile 5 -->
	<bean id="socialProfile5" class="domain.SocialProfile">
		<property name="nick" value="DemoUser2" />
		<property name="socialNetwork" value="Instagram" />
		<property name="profileLink" value="http://instagram.com/users/demouser" />
	</bean>

	<!-- Social Profile 6 -->
	<bean id="socialProfile6" class="domain.SocialProfile">
		<property name="nick" value="DemoUser3" />
		<property name="socialNetwork" value="Facebook" />
		<property name="profileLink" value="http://facebook.com/users/demouser" />
	</bean>

	<!-- Social Profile 7 -->
	<bean id="socialProfile7" class="domain.SocialProfile">
		<property name="nick" value="Social Profile Nick" />
		<property name="socialNetwork" value="Social Network" />
		<property name="profileLink" value="http://profilelink.com" />
	</bean>

	<!-- User accounts -->
	<bean id="userAccount12" class="security.UserAccount">
		<property name="username" value="chapter1" />
		<property name="password" value="178494d73a41f7d68e80f685324d3662" />
		<property name="authorities">
			<list>
				<bean class="security.Authority">
					<property name="authority" value="CHAPTER" />
				</bean>
			</list>
		</property>
		<property name="accountNonLocked" value="true" />
	</bean>

	<!-- Proclaim 1 -->
	<bean id="proclaim1" class="domain.Proclaim">
		<property name="moment" value="2017/07/10 01:41" />
		<property name="text" value="Text" />
	</bean>

	<!-- Proclaim 2 -->
	<bean id="proclaim2" class="domain.Proclaim">
		<property name="moment" value="2017/08/10 01:41" />
		<property name="text" value="Text2" />
	</bean>

	<bean id="chapter1" class="domain.Chapter">
		<property name="title" value="Chapter" />
		<property name="name" value="Chapter Name 1" />
		<property name="middleName" value="Chapter Middle Name 1" />
		<property name="surname" value="Chapter Surname 1" />
		<property name="photo" value="https://photochapter1.jpg" />
		<property name="email" value="chapter@email.com" />
		<property name="address" value="Chapter Address 1" />
		<property name="phone" value="+34 (111) 666666666" />
		<property name="userAccount" ref="userAccount12" />
		<property name="socialProfiles">

			<list>
			</list>
		</property>
		<property name="area" ref="area1" />
		<property name="proclaims">
			<list>
				<ref bean="proclaim1" />
				<ref bean="proclaim2" />
			</list>
		</property>
		<property name="spammer" value="false" />
		<property name="score" value="0.0" />
		<property name="boxes">

			<list>
				<ref bean="inbox12" />
				<ref bean="outbox12" />
				<ref bean="trashbox12" />
				<ref bean="spambox12" />
				<ref bean="custombox12" />
				<ref bean="notificationbox12" />
			</list>
		</property>

	</bean>

	<!-- In box 12 -->
	<bean id="inbox12" class="domain.Box">
		<property name="title" value="in box" />
		<property name="custom" value="False" />
	</bean>

	<!-- out box 12 -->
	<bean id="outbox12" class="domain.Box">
		<property name="title" value="out box" />
		<property name="custom" value="False" />
	</bean>

	<!-- Trash box 12 -->
	<bean id="trashbox12" class="domain.Box">
		<property name="title" value="trash box" />
		<property name="custom" value="False" />
	</bean>

	<!-- Spam box 12 -->
	<bean id="spambox12" class="domain.Box">
		<property name="title" value="spam box" />
		<property name="custom" value="False" />
	</bean>

	<!-- Custom box 12 -->
	<bean id="custombox12" class="domain.Box">
		<property name="title" value="Custom box" />
		<property name="custom" value="True" />
	</bean>

	<!-- Notification box 12 -->
	<bean id="notificationbox12" class="domain.Box">
		<property name="title" value="notification box" />
		<property name="custom" value="False" />
	</bean>

	<!-- CreditCard 1 -->

	<bean id="creditCard1" class="domain.CreditCard">
		<property name="holder" value="Michael King" />
		<property name="make" value="Visa" />
		<property name="number" value="4841310263816033" />
		<property name="expirationMonth" value="8" />
		<property name="expirationYear" value="18" />
		<property name="cvv" value="481" />
	</bean>

	<!-- CreditCard 2 -->

	<bean id="creditCard2" class="domain.CreditCard">
		<property name="holder" value="Frank Jones" />
		<property name="make" value="MasterCard" />
		<property name="number" value="4280074903090072" />
		<property name="expirationMonth" value="11" />
		<property name="expirationYear" value="19" />
		<property name="cvv" value="794" />
	</bean>

	<!-- History 1 -->
	<bean id="history1" class="domain.History">
		<property name="inceptionRecord" ref="inceptionRecord1" />
		<property name="periodRecords">
			<list>
				<ref bean="periodRecord1" />
			</list>
		</property>
		<property name="legalRecords">
			<list>
				<ref bean="legalRecord1" />
			</list>
		</property>
		<property name="linkRecords">
			<list>
				<ref bean="linkRecord1" />
			</list>
		</property>
		<property name="miscellaneousRecords">
			<list>
				<ref bean="miscellaneousRecord1" />
			</list>
		</property>
	</bean>

	<!-- History 2 -->
	<bean id="history2" class="domain.History">
		<property name="inceptionRecord" ref="inceptionRecord2" />
		<property name="periodRecords">
			<list>
			</list>
		</property>
		<property name="legalRecords">
			<list>
			</list>
		</property>
		<property name="linkRecords">
			<list>
			</list>
		</property>
		<property name="miscellaneousRecords">
			<list>
			</list>
		</property>
	</bean>

	<!-- History 3 -->
	<bean id="history3" class="domain.History">
		<property name="inceptionRecord" ref="inceptionRecord3" />
		<property name="periodRecords">
			<list>
			</list>
		</property>
		<property name="legalRecords">
			<list>
				<ref bean="legalRecord2" />
			</list>
		</property>
		<property name="linkRecords">
			<list>
				<ref bean="linkRecord2" />
			</list>
		</property>
		<property name="miscellaneousRecords">
			<list>
			</list>
		</property>
	</bean>

	<!-- InceptionRecord 1 -->
	<bean id="inceptionRecord1" class="domain.InceptionRecord">
		<property name="description" value="description1" />
		<property name="pictures">
			<list>
				<value>https://picture1.jpg</value>
				<value>https://picture2.jpg</value>
				<value>https://picture3.jpg</value>
			</list>
		</property>
		<property name="title" value="Title" />
	</bean>

	<!-- InceptionRecord 2 -->
	<bean id="inceptionRecord2" class="domain.InceptionRecord">
		<property name="description" value="description2" />
		<property name="pictures">
			<list>
				<value>https://picture1.jpg</value>
				<value>https://picture2.jpg</value>
				<value>https://picture3.jpg</value>
			</list>
		</property>
		<property name="title" value="Title" />
	</bean>

	<!-- InceptionRecord 3 -->
	<bean id="inceptionRecord3" class="domain.InceptionRecord">
		<property name="description" value="description3" />
		<property name="pictures">
			<list>
				<value>https://picture1.jpg</value>
				<value>https://picture2.jpg</value>
				<value>https://picture3.jpg</value>
			</list>
		</property>
		<property name="title" value="Title" />
	</bean>

	<!-- LegalRecord1 -->
	<bean id="legalRecord1" class="domain.LegalRecord">
		<property name="description" value="descript" />
		<property name="legalName" value="Legalito" />
		<property name="VAT" value="21" />
		<property name="laws" value="law1" />
		<property name="title" value="Title" />
	</bean>

	<!-- LegalRecord2 -->
	<bean id="legalRecord2" class="domain.LegalRecord">
		<property name="description" value="descript" />
		<property name="legalName" value="Legalitu" />
		<property name="VAT" value="17" />
		<property name="laws" value="law1" />
		<property name="title" value="Title" />
	</bean>

	<!-- LinkRecord1 -->
	<bean id="linkRecord1" class="domain.LinkRecord">
		<property name="description" value="descript" />
		<property name="link" ref="brotherhood2" />
		<property name="title" value="Title" />
	</bean>

	<!-- LinkRecord2 -->
	<bean id="linkRecord2" class="domain.LinkRecord">
		<property name="description" value="descript" />
		<property name="link" ref="brotherhood3" />
		<property name="title" value="Title" />
	</bean>

	<!-- MiscellaneousRecord1 -->
	<bean id="miscellaneousRecord1" class="domain.MiscellaneousRecord">
		<property name="description" value="descript" />
		<property name="title" value="Title" />
	</bean>

	<!-- PeriodRecord 1 -->
	<bean id="periodRecord1" class="domain.PeriodRecord">
		<property name="description" value="description3" />
		<property name="pictures">
			<list>
				<value>https://picture1.jpg</value>
				<value>https://picture2.jpg</value>
				<value>https://picture3.jpg</value>
			</list>
		</property>
		<property name="startYear" value="1995" />
		<property name="endYear" value="2005" />
		<property name="title" value="Title" />
	</bean>

	<!-- Sponsor 1 -->

	<bean id="userAccount11" class="security.UserAccount">
		<property name="username" value="sponsor1" />
		<property name="password" value="42c63ad66d4dc07ed17753772bef96d6" />
		<property name="authorities">
			<list>
				<bean class="security.Authority">
					<property name="authority" value="SPONSOR" />
				</bean>
			</list>
		</property>
		<property name="accountNonLocked" value="true" />
	</bean>

	<bean id="sponsor1" class="domain.Sponsor">
		<property name="name" value="Sponsor" />
		<property name="middleName" value="Joe" />
		<property name="surname" value="Jr" />
		<property name="photo" value="http://www.defaulturl.com" />
		<property name="email" value="sponsor@gmail.com" />
		<property name="address" value="Fake Street 123" />
		<property name="phone" value="+34 562048568" />
		<property name="spammer" value="false" />
		<property name="score" value="0" />
		<property name="userAccount" ref="userAccount11" />
		<property name="socialProfiles">
			<list>
			</list>
		</property>
		<property name="boxes">
			<list>
				<ref bean="inbox8" />
				<ref bean="outbox8" />
				<ref bean="trashbox8" />
				<ref bean="spambox8" />
				<ref bean="custombox8" />
			</list>
		</property>
		<property name="sponsorships">
			<list>
				<ref bean="sponsorship1" />
				<ref bean="sponsorship2" />
			</list>
		</property>

	</bean>

	<!-- In box 8 -->
	<bean id="inbox8" class="domain.Box">
		<property name="title" value="in box" />
		<property name="custom" value="False" />
	</bean>

	<!-- out box 8 -->
	<bean id="outbox8" class="domain.Box">
		<property name="title" value="out box" />
		<property name="custom" value="False" />
	</bean>

	<!-- Trash box 8 -->
	<bean id="trashbox8" class="domain.Box">
		<property name="title" value="trash box" />
		<property name="custom" value="False" />
	</bean>

	<!-- Spam box 8 -->
	<bean id="spambox8" class="domain.Box">
		<property name="title" value="spam box" />
		<property name="custom" value="False" />
	</bean>

	<!-- Custom box 8 -->
	<bean id="custombox8" class="domain.Box">
		<property name="title" value="Custom box" />
		<property name="custom" value="True" />
	</bean>

	<!-- Notification box 8 -->
	<bean id="notificationbox8" class="domain.Box">
		<property name="title" value="notification box" />
		<property name="custom" value="False" />
	</bean>

	<!-- Sponsorship -->
	<bean id="sponsorship1" class="domain.Sponsorship">
		<property name="banner" value="http://www.banner.com" />
		<property name="targetUrl" value="http://www.target.com" />
		<property name="fare" value="2" />
		<property name="creditCard" ref="creditCard1" />
		<property name="parade" ref="parade2" />
		<property name="active" value="true" />
	</bean>

	<bean id="sponsorship2" class="domain.Sponsorship">
		<property name="banner" value="http://www.banner.com" />
		<property name="targetUrl" value="http://www.target.com" />
		<property name="fare" value="2" />
		<property name="creditCard" ref="creditCard2" />
		<property name="parade" ref="parade2" />
		<property name="active" value="true" />
	</bean>

	<!-- Segment 1 -->
	<bean id="segment1" class="domain.Segment">
		<property name="origin" value="-100,100" />
		<property name="destination" value="-200,200" />
		<property name="originReachMoment" value="12/04/2019 12:30" />
		<property name="destinationReachMoment" value="12/04/2019 13:40" />
	</bean>

	<!-- Segment 2 -->
	<bean id="segment2" class="domain.Segment">
		<property name="origin" value="-200,200" />
		<property name="destination" value="-300,-300" />
		<property name="originReachMoment" value="07/03/2019 7:15" />
		<property name="destinationReachMoment" value="07/03/2019 7:40" />
	</bean>

	<!-- Segment 3 -->
	<bean id="segment3" class="domain.Segment">
		<property name="origin" value="-300,-300" />
		<property name="destination" value="400,400" />
		<property name="originReachMoment" value="15/04/2019 2:30" />
		<property name="destinationReachMoment" value="15/04/2019 3:40" />
	</bean>

	<!-- User accounts -->
	<bean id="userAccount99" class="security.UserAccount">
		<property name="username" value="chapter2" />
		<property name="password" value="07a29f2348d728fad16c5260823f93ef" />
		<property name="authorities">
			<list>
				<bean class="security.Authority">
					<property name="authority" value="CHAPTER" />
				</bean>
			</list>
		</property>
		<property name="accountNonLocked" value="true" />
	</bean>
	
	<bean id="chapter2" class="domain.Chapter">
		<property name="title" value="Chapter" />
		<property name="name" value="Chapter Name 2" />
		<property name="middleName" value="Chapter Middle Name 1" />
		<property name="surname" value="Chapter Surname 1" />
		<property name="photo" value="https://photochapter1.jpg" />
		<property name="email" value="chapter@email.com" />
		<property name="address" value="Chapter Address 1" />
		<property name="phone" value="+34 (111) 666666666" />
		<property name="userAccount" ref="userAccount99" />
		<property name="socialProfiles">

			<list>
			</list>
		</property>
		<property name="area" ref="area2" />
		<property name="proclaims">
			<list>
				
			</list>
		</property>
		<property name="spammer" value="false" />
		<property name="score" value="0.0" />
		<property name="boxes">

			<list>
				<ref bean="inbox99" />
				<ref bean="outbox99" />
				<ref bean="trashbox99" />
				<ref bean="spambox99" />
				<ref bean="custombox99" />
				<ref bean="notificationbox99" />
			</list>
		</property>

	</bean>

	<!-- In box 99 -->
	<bean id="inbox99" class="domain.Box">
		<property name="title" value="in box" />
		<property name="custom" value="False" />
	</bean>

	<!-- out box 99 -->
	<bean id="outbox99" class="domain.Box">
		<property name="title" value="out box" />
		<property name="custom" value="False" />
	</bean>

	<!-- Trash box 99 -->
	<bean id="trashbox99" class="domain.Box">
		<property name="title" value="trash box" />
		<property name="custom" value="False" />
	</bean>

	<!-- Spam box 99 -->
	<bean id="spambox99" class="domain.Box">
		<property name="title" value="spam box" />
		<property name="custom" value="False" />
	</bean>

	<!-- Custom box 99 -->
	<bean id="custombox99" class="domain.Box">
		<property name="title" value="Custom box" />
		<property name="custom" value="True" />
	</bean>

	<!-- Notification box 99 -->
	<bean id="notificationbox99" class="domain.Box">
		<property name="title" value="notification box" />
		<property name="custom" value="False" />
	</bean>
	<!-- User accounts -->
	<bean id="userAccount98" class="security.UserAccount">
		<property name="username" value="chapter3" />
		<property name="password" value="4cf7b4e4bb6d429f0f08bc498e397d81" />
		<property name="authorities">
			<list>
				<bean class="security.Authority">
					<property name="authority" value="CHAPTER" />
				</bean>
			</list>
		</property>
		<property name="accountNonLocked" value="true" />
	</bean>
	
	<bean id="chapter3" class="domain.Chapter">
		<property name="title" value="Chapter" />
		<property name="name" value="Chapter Name 3" />
		<property name="middleName" value="Chapter Middle Name 1" />
		<property name="surname" value="Chapter Surname 1" />
		<property name="photo" value="https://photochapter1.jpg" />
		<property name="email" value="chapter@email.com" />
		<property name="address" value="Chapter Address 1" />
		<property name="phone" value="+34 (111) 666666666" />
		<property name="userAccount" ref="userAccount98" />
		<property name="socialProfiles">

			<list>
			</list>
		</property>
		
		<property name="proclaims">
			<list>
				
			</list>
		</property>
		<property name="spammer" value="false" />
		<property name="score" value="0.0" />
		<property name="boxes">

			<list>
				<ref bean="inbox98" />
				<ref bean="outbox98" />
				<ref bean="trashbox98" />
				<ref bean="spambox98" />
				<ref bean="custombox98" />
				<ref bean="notificationbox98" />
			</list>
		</property>

	</bean>

	<!-- In box 98 -->
	<bean id="inbox98" class="domain.Box">
		<property name="title" value="in box" />
		<property name="custom" value="False" />
	</bean>

	<!-- out box 98 -->
	<bean id="outbox98" class="domain.Box">
		<property name="title" value="out box" />
		<property name="custom" value="False" />
	</bean>

	<!-- Trash box 98 -->
	<bean id="trashbox98" class="domain.Box">
		<property name="title" value="trash box" />
		<property name="custom" value="False" />
	</bean>

	<!-- Spam box 98 -->
	<bean id="spambox98" class="domain.Box">
		<property name="title" value="spam box" />
		<property name="custom" value="False" />
	</bean>

	<!-- Custom box 98 -->
	<bean id="custombox98" class="domain.Box">
		<property name="title" value="Custom box" />
		<property name="custom" value="True" />
	</bean>

	<!-- Notification box 98 -->
	<bean id="notificationbox98" class="domain.Box">
		<property name="title" value="notification box" />
		<property name="custom" value="False" />
	</bean>

</beans>