<?xml version="1.0" encoding="UTF-8"?>

<!-- 
 * converters.xml
 *
 * Copyright (C) 2019 Universidad de Sevilla
 * 
 * The use of this project is hereby constrained to the conditions of the 
 * TDG Licence, a copy of which you may download from 
 * http://www.tdg-seville.info/License.html
 -->

<beans xmlns="http://www.springframework.org/schema/beans"
	xmlns:xsi="http://www.w3.org/2001/XMLSchema-instance" xmlns:util="http://www.springframework.org/schema/util"
	xsi:schemaLocation="
		http://www.springframework.org/schema/beans http://www.springframework.org/schema/beans/spring-beans-4.0.xsd		
		http://www.springframework.org/schema/util http://www.springframework.org/schema/util/spring-util-4.0.xsd		
	">

	<util:list id="converters">
		<!-- 
			Add your own converters using entries of the following form: 
			<bean class="converters.Class1ToClass2" /> 
		-->
		<bean class="converters.ActorToStringConverter" /> 
 		<bean class="converters.StringToActorConverter" />
 		
 		<bean class="converters.AdministratorToStringConverter" /> 
 		<bean class="converters.StringToAdministratorConverter" /> 
 		
 		<bean class="converters.AreaToStringConverter" /> 
 		<bean class="converters.StringToAreaConverter" />
 		
 		<bean class="converters.BoxToStringConverter" /> 
 		<bean class="converters.StringToBoxConverter" />
 		
 		<bean class="converters.BrotherhoodToStringConverter" /> 
 		<bean class="converters.StringToBrotherhoodConverter" />
 		
 		<bean class="converters.EnrolmentToStringConverter" /> 
 		<bean class="converters.StringToEnrolmentConverter" />
 		
 		<bean class="converters.FinderToStringConverter" /> 
 		<bean class="converters.StringToFinderConverter" />
 		
 		<bean class="converters.FloatToStringConverter" /> 
 		<bean class="converters.StringToFloatConverter" />
 		
 		<bean class="converters.MemberToStringConverter" /> 
 		<bean class="converters.StringToMemberConverter" />
 		
 		<bean class="converters.MessageToStringConverter" /> 
 		<bean class="converters.StringToMessageConverter" />
 		
 		<bean class="converters.PositionToStringConverter" /> 
 		<bean class="converters.StringToPositionConverter" />
 		
 		<bean class="converters.ParadeToStringConverter" /> 
 		<bean class="converters.StringToParadeConverter" />
 		
 		<bean class="converters.ProclaimToStringConverter" /> 
 		<bean class="converters.StringToProclaimConverter" />
 		
 		<bean class="converters.RequestToStringConverter" /> 
 		<bean class="converters.StringToRequestConverter" />
 		
 		<bean class="converters.SegmentToStringConverter" /> 
 		<bean class="converters.StringToSegmentConverter" />
 		
 		<bean class="converters.SocialProfileToStringConverter" /> 
 		<bean class="converters.StringToSocialProfileConverter" />
 		
 		<bean class="converters.SystemConfigToStringConverter" /> 
 		<bean class="converters.StringToSystemConfigConverter" />
 		
 		<bean class="converters.StringToUserAccountConverter" /> 
 		<bean class="converters.UserAccountToStringConverter" />
 		 
	</util:list>
	
</beans>